{"u:ee849d45654b499b":1781193978.563491,"t:1d34f2d32898c45d":1781193978.563491,"u:4dd506537e6d35d0":1781193978.563491,"t:99e0837ec46960b4":1781193978.563491,"u:b6ff91bd4055875e":1781193978.563491,"t:388b109de84d97eb":1781193978.563491,"u:a3961dc69bbb35d1":1781193978.563491,"t:5d989c891bbfbf25":1781193978.563491,"u:53e24bbaf89b0ac8":1781193978.563491,"t:2e345c3560a7bb4e":1781193978.563491,"u:a02905267558b9f1":1781193978.563491,"t:5aded7b0c839512a":1781193978.563491,"u:548c2786bb616c3c":1781193978.563491,"t:24094a2ec54cd9d5":1781193978.563491,"u:0fc181f92f16b282":1781193978.563491,"t:f183e53494d59bbd":1781193978.563491,"u:506f4a046e958955":1781193978.563491,"t:682b6b3d8b5a00c3":1781193978.563491,"u:7f12e478990c8c6d":1781193978.563491,"t:5a6f8e507d37e5f8":1781193978.563491,"u:d9dc606b9bff1311":1781193978.563491,"t:8d3fe4a13e92330a":1781193978.563491,"u:f0064a02ec3803c2":1781193978.563491,"t:5c2f1e4438193c21":1781193978.563491,"u:447ce8b69acb2cb9":1781193978.563491,"t:f5d5a458861cc557":1781193978.563491,"u:371c1a1ef675b448":1781193978.563491,"t:7f942bf4af099bb1":1781193978.563491,"u:7cb37b03aa121848":1781193978.563491,"t:d148da86f631aebc":1781193978.563491,"u:d17c49287de37750":1781193978.563491,"t:9708e8bd887f8c18":1781193978.563491,"u:2be685d56ef25faf":1781193978.563491,"t:78c4be0baac95216":1781193978.563491,"u:d638030ba9deef98":1781193978.563491,"t:dabd7ffbf66a9cf6":1781193978.563491,"u:4badedb8c143f1de":1781193978.563491,"t:faeb2d1df81f566a":1781193978.563491,"u:93cf12493d389044":1781193978.563491,"t:e530519fdb54f66e":1781193978.563491,"u:d7fe84b63cdf4cad":1781193978.563491,"t:9f3cce57c27f7436":1781193978.563491,"u:8875a0080daca525":1781193978.563491,"t:7fec268f758f95dd":1781193978.563491,"u:436a674e3bf2eef7":1781193978.563491,"t:047297c47452b8da":1781193978.563491,"u:47d05adaf3b5567b":1781193978.563491,"t:5473afe415d1dc8d":1781193978.563491,"u:a03ba741125c9c61":1781193978.563491,"t:cfb769067d27c665":1781193978.563491,"u:4600462b11c1a928":1781193978.563491,"t:53dc4e09fb10caad":1781193978.563491,"u:aa1083907ad9413a":1781193978.563491,"t:43a3969b897b1afb":1781193978.563491,"u:5c9b4aaca549f95e":1781193978.563491,"t:6ac067eef7f33aaf":1781193978.563491,"u:5d961d518bec085e":1781193978.563491,"t:11b3141c101d7c85":1781193978.563491,"u:f83822fd04de6267":1781193978.563491,"t:16a0a572cab2479d":1781193978.563491,"u:b578081a52a48bb9":1781193978.563491,"t:4bd9719407625570":1781193978.563491,"u:654ba11c9faceaf3":1781193978.563491,"t:9f6eb9f84e4618f4":1781193978.563491,"u:2be65e775ede7af7":1781193978.563491,"t:e57a8f2ada9abf34":1781193978.563491,"u:497cbb7d3902a8eb":1781193978.563491,"t:4966ea8f2344e2f4":1781193978.563491,"u:579248ff2cd169fa":1781193978.563491,"t:cc67577406eb2ccd":1781193978.563491,"u:ac6a14e8955762e2":1781193978.563491,"t:e873b8ca5243a81c":1781193978.563491,"u:138d10534bc5ae2e":1781193978.563491,"t:1057ab73d61266b4":1781193978.563491,"u:1553bad2f8134798":1781193978.563491,"t:f279f6d5eb4ab039":1781193978.563491,"u:64ea32de571fec1d":1781193978.563491,"t:a0651fe6eb26337a":1781193978.563491,"u:6ecb64a643734302":1781193978.563491,"t:93262f0b18ee124b":1781193978.563491,"u:b0a55051a2351cf5":1781193978.563491,"t:1456e0ffb2fc909e":1781193978.563491,"u:2bbf3a1c76889e65":1781193978.563491,"t:43f0269d39ed2563":1781193978.563491}