{"u:ee849d45654b499b":1781193978.563491,"t:1d34f2d32898c45d":1781193978.563491,"u:4dd506537e6d35d0":1781193978.563491,"t:99e0837ec46960b4":1781193978.563491,"u:b6ff91bd4055875e":1781193978.563491,"t:388b109de84d97eb":1781193978.563491,"u:a3961dc69bbb35d1":1781193978.563491,"t:5d989c891bbfbf25":1781193978.563491,"u:53e24bbaf89b0ac8":1781193978.563491,"t:2e345c3560a7bb4e":1781193978.563491,"u:a02905267558b9f1":1781193978.563491,"t:5aded7b0c839512a":1781193978.563491,"u:548c2786bb616c3c":1781193978.563491,"t:24094a2ec54cd9d5":1781193978.563491,"u:0fc181f92f16b282":1781193978.563491,"t:f183e53494d59bbd":1781193978.563491,"u:506f4a046e958955":1781193978.563491,"t:682b6b3d8b5a00c3":1781193978.563491,"u:7f12e478990c8c6d":1781193978.563491,"t:5a6f8e507d37e5f8":1781193978.563491,"u:d9dc606b9bff1311":1781193978.563491,"t:8d3fe4a13e92330a":1781193978.563491,"u:f0064a02ec3803c2":1781193978.563491,"t:5c2f1e4438193c21":1781193978.563491,"u:447ce8b69acb2cb9":1781193978.563491,"t:f5d5a458861cc557":1781193978.563491,"u:371c1a1ef675b448":1781193978.563491,"t:7f942bf4af099bb1":1781193978.563491,"u:7cb37b03aa121848":1781193978.563491,"t:d148da86f631aebc":1781193978.563491,"u:d17c49287de37750":1781193978.563491,"t:9708e8bd887f8c18":1781193978.563491,"u:2be685d56ef25faf":1781193978.563491,"t:78c4be0baac95216":1781193978.563491,"u:d638030ba9deef98":1781193978.563491,"t:dabd7ffbf66a9cf6":1781193978.563491,"u:4badedb8c143f1de":1781193978.563491,"t:faeb2d1df81f566a":1781193978.563491,"u:93cf12493d389044":1781193978.563491,"t:e530519fdb54f66e":1781193978.563491,"u:d7fe84b63cdf4cad":1781193978.563491,"t:9f3cce57c27f7436":1781193978.563491,"u:8875a0080daca525":1781193978.563491,"t:7fec268f758f95dd":1781193978.563491,"u:436a674e3bf2eef7":1781193978.563491,"t:047297c47452b8da":1781193978.563491,"u:47d05adaf3b5567b":1781193978.563491,"t:5473afe415d1dc8d":1781193978.563491,"u:a03ba741125c9c61":1781193978.563491,"t:cfb769067d27c665":1781193978.563491,"u:4600462b11c1a928":1781193978.563491,"t:53dc4e09fb10caad":1781193978.563491,"u:aa1083907ad9413a":1781193978.563491,"t:43a3969b897b1afb":1781193978.563491,"u:5c9b4aaca549f95e":1781193978.563491,"t:6ac067eef7f33aaf":1781193978.563491,"u:5d961d518bec085e":1781193978.563491,"t:11b3141c101d7c85":1781193978.563491,"u:f83822fd04de6267":1781193978.563491,"t:16a0a572cab2479d":1781193978.563491,"u:b578081a52a48bb9":1781193978.563491,"t:4bd9719407625570":1781193978.563491,"u:654ba11c9faceaf3":1781193978.563491,"t:9f6eb9f84e4618f4":1781193978.563491,"u:2be65e775ede7af7":1781193978.563491,"t:e57a8f2ada9abf34":1781193978.563491,"u:497cbb7d3902a8eb":1781193978.563491,"t:4966ea8f2344e2f4":1781193978.563491,"u:579248ff2cd169fa":1781193978.563491,"t:cc67577406eb2ccd":1781193978.563491,"u:ac6a14e8955762e2":1781193978.563491,"t:e873b8ca5243a81c":1781193978.563491,"u:138d10534bc5ae2e":1781193978.563491,"t:1057ab73d61266b4":1781193978.563491,"u:1553bad2f8134798":1781193978.563491,"t:f279f6d5eb4ab039":1781193978.563491,"u:64ea32de571fec1d":1781193978.563491,"t:a0651fe6eb26337a":1781193978.563491,"u:6ecb64a643734302":1781193978.563491,"t:93262f0b18ee124b":1781193978.563491,"u:b0a55051a2351cf5":1781193978.563491,"t:1456e0ffb2fc909e":1781193978.563491,"u:2bbf3a1c76889e65":1781193978.563491,"t:43f0269d39ed2563":1781193978.563491,"u:699f9f0b62b7d053":1781277587.685517,"t:27a88d91ac34f858":1781277587.685517,"u:72aca016994916c2":1781277587.685517,"t:c81bed3a82834378":1781277587.685517,"u:b35c11310633ab2b":1781277587.685517,"t:9d852a3d5c744ddd":1781277587.685517,"u:707b897fd48735e6":1781277587.685517,"t:b78c7a0a4c64c921":1781277587.685517,"u:35491fea2fb71a5d":1781277587.685517,"t:0d9bb8a0a157d391":1781277587.685517,"u:d87544a9e9d00d75":1781277587.685517,"t:23d9064771ec7b32":1781277587.685517,"u:0a497d7fb3674f34":1781277587.685517,"t:6528d708c5a7b306":1781277587.685517,"u:5f832e234c9ebaef":1781277587.685517,"t:ff2ba0bd57ea80dc":1781277587.685517,"u:600d75d8fa42e73f":1781277587.685517,"t:7e0cfadc89d6fede":1781277587.685517,"u:756f58f82ae0e91d":1781277587.685517,"t:7c476bc28925d2ae":1781277587.685517,"u:4dd335c35bb499e8":1781277587.685517,"t:b8739d693cf10a2b":1781277587.685517,"u:63f074f954d6698f":1781277587.685517,"t:17bc7b30405aee0e":1781277587.685517,"u:e9818c730746852d":1781277587.685517,"t:5dce8b9cf1969281":1781277587.685517,"u:f2359172d4df9f43":1781277587.685517,"t:da682a88f54ef85e":1781277587.685517,"u:18cbb19eeff369f1":1781277587.685517,"t:97ed25b7a61700b4":1781277587.685517,"u:dcc2fd07a9e82426":1781277587.685517,"t:35c36761d99aae5c":1781277587.685517,"u:f5d0664c63684896":1781277587.685517,"t:6bbd282ce9b0660a":1781277587.685517,"u:644c6fbb459b8ddd":1781277587.685517,"t:bdbb37d680c98b2c":1781277587.685517,"u:397f7cdf88e0e731":1781277587.685517,"t:1d3e429b1bb07ca5":1781277587.685517,"u:21a89bf93aa30570":1781277587.685517,"t:82e877f3f59cbf8b":1781277587.685517,"u:65eb1db1b89e1376":1781277587.685517,"t:7ad16913b3c4f033":1781277587.685517,"u:7637024ee88d84dd":1781277587.685517,"t:bab100abbb2b52c5":1781277587.685517,"u:2c4754cb51cd0cb3":1781277587.685517,"t:c075bbe854ed7e4e":1781277587.685517,"u:27d21a6fd4a67f9f":1781277587.685517,"t:b15319d6b51730c3":1781277587.685517,"u:b2eb5217dcfdd831":1781277587.685517,"t:301da309f052f54a":1781277587.685517,"u:39b8f7bd35a85e1f":1781277587.685517,"t:a5b949eb30450a39":1781277587.685517,"u:bea24aa7eac50d2d":1781277587.685517,"t:a0dadee523800a55":1781277587.685517,"u:6600f3e4b9646c4b":1781277587.685517,"t:ca1c31e730013f2a":1781277587.685517,"u:a9f0898c4190e001":1781277587.685517,"t:ef4449312c2466f7":1781277587.685517}